[
  {
    "type": "seesky",
    "reverse": true,
    "mod": "minecraft",
    "block": true
  },
  {
    "type": "or",
    "tag": "minecraft:beds",
    "block": true,
    "first": {
      "type": "dimension",
      "reverse": true,
      "dimension": "minecraft:overworld"
    },
    "second": {
      "type": "gamestage",
      "stage": "rest"
    }
  },
  {
    "type": "level",
    "amount": 10,
    "name": "minecraft:stone",
    "block": true
  },
  {
    "type": "dimension",
    "reverse": true,
    "dimension": "minecraft:overworld",
    "name": "minecraft:bread",
    "item": true
  }
]